,Full_Pseudo_R2,Reduced_Pseudo_R2,Delta_Pseudo_R2
diff_orb,0.7700660289153016,0.6163221025154966,0.15374392639980505
diff_tov,0.7700660289153016,0.6110713085613574,0.15899472035394424
diff_3p%,0.7700660289153016,0.256785387561536,0.5132806413537656
diff_2p%,0.7700660289153016,0.3129935604585793,0.45707246845672234
diff_ft%,0.7700660289153016,0.7063755451022308,0.06369048381307085
diff_fta,0.7700660289153016,0.6818976233782861,0.08816840553701555
diff_3pa,0.7700660289153016,0.7700421488409899,2.3880074311755095e-05
